Area,Perimeter,Convexity,Circularity,X_start,Y_start,Width,Height,Segmented_label
139.5,51.213202714920044,False,0.6683750035321376,58,122,9,23,0
4597.5,323.94826507568365,False,0.5505291065666527,53,84,87,94,0
1320.0,147.68123948574066,False,0.7605593991128489,54,98,37,57,0
1532.5,165.58073532581332,False,0.7024100768572583,53,94,38,65,0
1684.5,184.0660139322281,False,0.6247894166018717,53,90,41,74,0
2048.5,204.5512968301773,False,0.6152354588125679,52,89,48,80,0
2838.5,232.83556830883026,False,0.6579609417526543,49,89,61,86,0
3419.5,260.14927566051483,False,0.6349320210225297,48,86,66,91,0
4208.0,279.90663480758667,False,0.6749307408592393,49,82,72,92,0
5055.5,291.806129693985,False,0.7460795871980608,49,84,80,89,0
5599.5,310.6345558166504,False,0.729221694773332,49,74,81,96,0
5517.0,306.04877018928534,False,0.7401701567436586,50,76,91,88,0
5116.5,308.97770190238947,False,0.6734859888513207,54,86,85,93,0
5327.0,292.93607294559484,False,0.7800938434720056,53,78,93,80,0
5206.0,296.2497793436051,False,0.7454147063101909,56,80,103,73,0
4051.5,268.35028612613684,False,0.7070035295128608,60,83,95,63,0
2311.5,210.89444208145144,False,0.6530906900396601,66,87,69,54,0
730.5,105.15432822704315,False,0.8301867120140821,73,101,33,32,0
200.5,69.35533821582794,False,0.5237987444737395,51,112,16,28,0
346.0,84.76955187320709,False,0.6050707906744114,51,112,16,36,0
692.0,114.08326005935669,False,0.6681471375919941,51,107,21,47,0
1303.0,176.8528120517731,False,0.5235164591870868,51,90,41,67,0
1378.5,174.26702570915222,False,0.5704087731306283,51,93,38,66,0
5252.5,298.83556747436523,False,0.7391138713813071,54,87,87,90,0
1539.0,194.16652083396912,False,0.5129792358300359,50,94,48,66,0
1713.5,217.37972366809845,False,0.4556757405965694,50,94,55,68,0
1770.5,225.865003824234,False,0.4361219091135831,50,97,65,63,0
2259.0,261.42135393619543,False,0.4153784637165939,51,92,75,68,0
2367.5,268.14927577972406,False,0.4137581820183681,49,91,77,72,0
2687.5,236.55129742622373,False,0.6035422369141074,49,93,68,70,0
752.5,135.49747359752658,False,0.5150554333046515,113,93,57,19,0
5006.0,352.67618775367737,False,0.5057646064234029,48,91,123,86,0
4749.5,357.1198377609253,False,0.4679827065286529,49,92,123,89,0
5714.5,381.0609619617462,False,0.4945374465767383,50,91,126,93,0
5327.5,308.97770309448237,False,0.7012599585496154,55,88,92,88,0
6610.5,363.9482647180557,False,0.6271405283198612,51,91,126,94,0
6484.5,355.94826543331146,False,0.6431504780226994,51,92,123,93,0
6291.0,349.36247885227203,False,0.6477046700693786,52,93,120,93,0
6131.0,346.8771963119507,False,0.6403091082092126,51,96,120,88,0
5635.0,323.22034358978266,False,0.6778075611517244,52,98,112,84,0
4279.0,267.90663480758667,False,0.7491783389475176,52,96,87,79,0
3052.0,250.45079112052917,False,0.6114339897157699,58,96,73,75,0
1889.0,181.33809351921082,False,0.7218778745163752,59,103,54,57,0
718.0,105.05382323265076,False,0.8175429608788886,68,115,32,36,0
107.0,40.97056221961975,False,0.8010318684080444,55,130,9,17,0
4914.0,310.93607211112976,False,0.6387086532882716,57,92,102,79,0
347.5,72.18376588821411,False,0.8380802403542773,52,126,18,28,0
598.5,97.154327750206,False,0.7968007177801228,50,122,25,36,0
696.0,106.91168820858002,False,0.7651890187345626,53,118,25,40,0
905.5,121.63960969448091,False,0.7690388551286892,49,115,31,44,0
1321.5,155.78174364566803,False,0.6842958566974063,47,106,35,61,0
1529.0,199.48022854328158,False,0.4828560031774261,52,96,36,80,0
1849.0,229.13708245754242,False,0.4425435517866865,51,88,39,87,0
2241.5,236.35028505325317,False,0.504238899616807,51,95,52,87,0
2944.5,266.1492755413056,False,0.5223611218955374,49,92,58,94,0
5463.0,324.5340530872345,False,0.6518092467052555,47,86,81,98,0
2793.5,207.23758780956268,False,0.817375248816282,59,101,58,66,0
6045.0,327.9066338539124,False,0.7064895840900003,46,86,86,97,0
6026.0,329.9066352844238,False,0.695755888252088,46,90,89,91,0
6239.5,340.2914100885391,False,0.6771075872033636,48,92,102,89,0
6023.5,342.09040164947515,False,0.6468104097299369,49,94,101,86,0
5494.5,329.4629828929901,False,0.6360991122770904,49,94,111,75,0
4123.0,260.1076453924179,False,0.7658028238695915,52,97,84,69,0
3017.5,211.0365778207779,False,0.8514157335266158,54,99,68,63,0
2057.0,173.68123948574066,False,0.8569161661091659,59,105,56,51,0
1029.0,124.22539532184601,False,0.8379236798825243,66,110,40,37,0
497.0,84.08326053619385,False,0.8833791902586077,75,116,26,27,0
1631.5,152.12489032745358,False,0.8859238344200908,63,105,41,52,0
5703.5,374.0904004573822,False,0.5121511852278551,49,83,122,83,0
5521.5,328.6345564126968,False,0.6424517021534082,51,83,120,80,0
5010.5,323.80612945556635,False,0.6005107684339889,52,84,116,75,0
4585.5,328.1492755413056,False,0.535123054857631,56,86,113,66,0
3823.0,293.07820725440985,False,0.5593029492554907,59,89,105,58,0
2508.0,234.5096663236618,False,0.5730808530947852,64,94,92,45,0
910.0,120.22539508342743,False,0.7911499965032264,74,96,43,32,0
120.0,61.4558436870575,False,0.3992682163664599,44,96,10,28,0
491.0,113.74011421203613,False,0.4769403171062114,44,86,19,49,0
1053.0,163.68123972415924,False,0.4939015893949307,42,81,36,62,0
898.0,113.39696788787842,False,0.8775731281454012,69,110,33,38,0
1815.5,239.8650054931641,False,0.3965266059513245,42,76,54,76,0
2757.5,279.17871284484863,False,0.4445911198130791,41,73,61,86,0
144.5,56.38477599620819,False,0.5711550121381247,116,79,26,8,0
4713.0,393.84775960445404,False,0.3818128539771561,40,72,110,97,0
5598.5,495.5462431907654,False,0.2864924428110571,38,71,133,100,0
7178.0,474.8183215856552,False,0.4000906304879087,36,69,148,103,0
7713.0,456.6173130273819,False,0.4648667105801113,36,68,144,101,0
7544.5,444.7178168296814,False,0.4793704606741015,38,67,145,93,0
7679.5,445.40410792827606,False,0.4864457040845992,39,67,151,88,0
9268.5,480.5168068408966,False,0.504431447192599,41,68,165,80,0
310.5,69.01219224929811,False,0.8192563600591325,75,119,23,22,0
8450.0,429.50461316108704,False,0.5756134156738538,44,68,156,76,0
5485.0,320.93607223033905,False,0.6691899800200364,50,69,118,70,0
3407.5,269.521859049797,False,0.5894646169914546,57,71,98,62,0
1005.0,121.05382335186005,False,0.8618246355058053,63,87,35,41,0
259.5,60.52691113948822,False,0.8901233706587081,73,97,19,20,0
32.0,24.14213538169861,False,0.6899354819330197,38,127,6,11,0
267.0,102.28427076339722,False,0.3207032927521282,38,112,9,48,0
925.0,159.1959582567215,False,0.4586564674699386,37,103,25,69,0
144.0,68.97056245803833,False,0.38040377731975306,110,96,33,7,0
569.0,120.08326005935669,False,0.4958578475867083,107,90,53,18,0
8174.0,417.1614673137665,False,0.5902501752095247,36,73,130,100,0
5655.0,619.1269778013228,False,0.185388596497251,38,86,132,102,0
7531.0,433.16146755218506,False,0.5043858318173338,38,85,134,103,0
8560.0,450.96045780181885,False,0.5289403561474613,38,84,145,104,0
9046.0,468.2741652727127,False,0.518401262671611,40,83,150,104,0
10805.5,533.1442252397537,False,0.4777110781276186,42,81,167,101,0
10441.5,505.6295043230057,False,0.5132251628581236,43,82,167,98,0
8589.0,496.07315492630005,False,0.43859231250305175,43,84,163,89,0
5179.0,307.2203422784805,False,0.6895342416068974,45,88,103,82,0
3286.5,215.23758864402768,False,0.8914710921919716,47,98,64,67,0
2424.5,191.58073341846463,False,0.8300961305947315,52,104,55,59,0
286.0,75.94112479686737,False,0.6231919667061554,56,115,15,32,0
6563.5,349.60511887073517,False,0.6748228626228842,37,72,107,97,0
1433.0,147.19595742225647,False,0.8311210634270713,59,110,45,44,0
414.5,77.01219248771667,False,0.8782444694584857,69,119,26,23,0
20.0,17.313708305358887,True,0.8384162108653561,66,121,5,8,0
125.5,47.2132031917572,False,0.7075003472258946,64,117,10,20,0
241.0,63.11269760131836,False,0.7603147567843307,61,116,15,25,0
362.0,75.59797918796541,False,0.7959724962172843,59,114,18,30,0
527.5,95.15432751178741,False,0.7321081463752624,58,109,23,38,0
694.5,111.63961040973663,False,0.7002377009760596,57,104,25,46,0
933.0,136.36753046512604,False,0.630477447504663,56,97,29,56,0
1142.0,150.02438461780545,False,0.6376058013483876,54,95,32,61,0
4050.0,254.10764455795288,False,0.7881872879050029,38,85,78,76,0
1323.0,162.16652059555054,False,0.6321895472053197,52,96,38,65,0
1558.5,189.3797243833542,False,0.5460717507691393,50,91,42,74,0
1924.5,240.1492741107941,False,0.41933896886266303,49,84,47,87,0
2541.0,269.22034358978266,False,0.4405536266424603,49,82,55,92,0
3222.5,301.80612874031067,False,0.4445766824077686,50,82,59,93,0
4222.0,303.5634883642197,False,0.5757434731565212,49,83,69,94,0
4407.5,320.9777028560638,False,0.5375915772689375,50,83,75,93,0
5177.0,312.048770070076,False,0.6681024720281701,50,85,82,91,0
5044.5,289.03657674789434,False,0.7587913658521132,52,87,82,86,0
4835.0,292.1076456308365,False,0.7120664005976176,51,88,94,79,0
3089.5,220.2081516981125,False,0.8006289323245434,41,93,68,64,0
3975.5,271.86500465869904,False,0.6759195485272549,54,91,88,69,0
2666.5,205.23758780956268,False,0.7954953560840811,56,93,66,58,0
1569.5,151.29646325111392,False,0.8616157560694317,60,96,43,49,0
638.0,96.0832599401474,False,0.8684305317692089,67,101,28,32,0
26.0,20.142135262489322,False,0.8053268812619706,71,115,6,9,0
156.5,50.870056867599494,False,0.7599757937639074,67,111,13,20,0
253.0,63.11269760131836,False,0.7981727529727621,65,111,16,24,0
406.5,82.66904616355895,False,0.7474541550153454,63,107,21,32,0
490.0,91.74011421203613,False,0.7316230693913522,61,106,25,34,0
631.5,104.32590079307556,False,0.7291198675681372,60,105,27,37,0
1816.5,166.06601536273956,False,0.8277205465019868,46,98,54,51,0
794.5,119.15432739257812,False,0.7032085242841801,58,102,30,43,0
1107.5,143.29646289348602,False,0.6777704933607682,57,96,33,53,0
1309.0,157.19595777988434,False,0.6656819209402342,56,94,34,59,0
1543.0,176.65180134773254,False,0.6213547881517432,54,92,39,68,0
1919.0,217.2792192697525,False,0.5107971372144582,52,89,44,74,0
2318.0,232.9360725879669,False,0.536846094581239,51,87,53,80,0
2847.5,266.00713968276983,False,0.5056930792993695,50,85,60,82,0
69.5,34.04163014888764,False,0.7536574051887981,110,123,14,10,0
4265.5,300.149276137352,False,0.5949838939868562,50,81,75,88,0
4229.0,286.24978029727936,False,0.6485705508916789,51,81,74,84,0
646.5,98.32590079307556,False,0.8403157926705372,54,106,30,31,0
4194.5,293.80612897872925,False,0.6106162536417934,52,83,78,77,0
3796.0,267.0782080888748,False,0.668742863185843,55,84,80,70,0
3293.5,248.20815062522888,False,0.6717929693197722,58,87,78,58,0
2717.0,226.3086562156677,False,0.6666489059438844,63,88,79,48,0
841.5,111.49747347831726,False,0.8506167520943857,69,92,33,35,0
48.0,30.14213538169861,False,0.6639006122701236,67,120,6,14,0
158.5,56.041630029678345,False,0.6341874057248225,64,116,10,24,0
293.0,76.28427088260649,False,0.6327140596315284,63,113,12,34,0
408.5,92.18376553058624,False,0.6040780236507365,61,110,15,41,0
849.0,144.3675308227539,False,0.5118921823462906,57,107,27,59,0
40.0,26.14213526248932,False,0.7355085752699619,65,124,6,12,0
1234.5,168.40916144847867,False,0.5469775876026111,55,106,34,63,0
1636.0,177.33809292316437,False,0.653715971579271,54,104,39,67,0
2121.0,210.45079135894773,False,0.6017961516607284,53,101,50,73,0
2486.0,214.45079123973846,False,0.6792907212776889,51,101,56,74,0
2690.5,220.06601548194885,False,0.6981309631522685,52,103,56,75,0
2652.5,273.17871165275574,False,0.4466543331454198,52,105,74,72,0
4590.5,381.74725449085236,False,0.3958384807659193,51,93,88,83,0
4976.0,317.5634882450104,False,0.6200534213109186,51,93,94,81,0
5056.0,313.9066344499588,False,0.6447865059160123,52,93,100,77,0
5142.5,343.4629851579666,False,0.5478028456953061,54,96,118,69,0
79.0,38.97056221961975,False,0.6536776146463902,65,122,7,18,0
4010.5,291.8650048971176,False,0.5916220251904039,58,99,100,61,0
1946.0,171.82337486743927,False,0.8283010463950224,64,104,59,50,0
638.0,102.56854128837584,False,0.7620828433627217,73,112,33,30,0
294.5,69.35533857345581,False,0.7693702177389481,60,102,17,26,0
741.0,110.56854164600372,False,0.7616665954428616,54,97,28,41,0
1183.0,144.02438580989838,False,0.7166754782771587,52,92,34,56,0
1531.0,158.16652119159696,False,0.7690523959517467,51,92,40,60,0
1802.0,173.33809328079224,False,0.7536620037292588,50,92,43,63,0
2152.5,184.40916061401367,False,0.7954044970469732,49,91,47,67,0
2398.5,194.55129647254944,False,0.7963084574694614,48,90,52,71,0
197.5,60.18376541137695,False,0.6852014163481694,64,118,15,25,0
2592.0,201.9655088186264,False,0.7985285444655256,48,91,54,72,0
3157.5,302.4335466623306,False,0.4338037463209107,47,76,76,91,0
3431.0,293.2203440666199,False,0.5014670292509923,47,78,70,92,0
4120.5,377.060962677002,False,0.3641972301543971,48,71,107,102,0
4813.5,385.06096386909485,False,0.40795461735376576,48,70,113,105,0
5143.5,400.85995411872864,False,0.40223815440803184,48,71,119,106,0
5797.5,415.6883796453476,False,0.42161383440941996,47,71,126,108,0
6245.5,417.20309805870056,False,0.4509018604445799,48,72,127,109,0
6550.5,419.3452330827713,False,0.4681024281805628,48,73,130,109,0
6814.0,397.6467479467392,False,0.5415232694869608,49,75,131,107,0
236.0,66.42640590667725,False,0.672109999919893,63,120,17,27,0
7057.0,415.4457380771637,False,0.5138085955859282,49,76,132,107,0
7176.5,388.23253548145294,False,0.5983271316396556,49,79,132,104,0
6948.0,374.81832253932953,False,0.6214812755236638,52,80,127,99,0
6722.5,359.7472554445267,False,0.6527482200607411,53,82,124,95,0
6385.0,365.84775936603546,False,0.5994734680656566,54,84,121,89,0
5998.0,333.22034299373627,False,0.6788179397244423,56,85,111,83,0
5232.0,319.5634887218476,False,0.6438182626640173,57,87,115,74,0
3977.5,263.52186000347143,False,0.7197584263499294,61,88,89,70,0
1967.0,172.1665199995041,False,0.8339054681055991,68,96,52,53,0
1123.0,129.53910374641418,False,0.8409842151965611,74,98,35,45,0
368.5,86.32590019702911,False,0.6213912371909279,62,112,19,36,0
475.0,82.76955199241637,False,0.8712890672967594,82,108,24,27,0
428.5,87.84061956405641,False,0.6978625767047435,52,99,23,32,0
951.5,128.9533169269562,False,0.7190409452027801,49,88,30,49,0
1288.0,142.02438497543338,False,0.8024165776697298,47,88,36,54,0
1651.0,162.99494886398315,False,0.7809237753924659,44,87,43,61,0
2059.5,182.4091614484787,False,0.7778186758782845,43,86,47,65,0
2310.5,190.06601440906525,False,0.803723933654418,43,86,50,68,0
2660.5,205.03657817840576,False,0.7952623762843164,42,85,56,73,0
2850.5,212.208150267601,False,0.7954388339004382,42,85,56,76,0
3193.0,258.2497804164886,False,0.6016291365435248,43,78,62,86,0
447.5,94.32590174674988,False,0.6320347722790912,55,110,20,40,0
137.5,58.38477599620819,False,0.5068895355999051,93,99,27,8,0
3534.5,280.4924206733704,False,0.5645411311501367,43,76,69,91,0
4241.5,384.5756812095642,False,0.36038416434410014,43,67,112,101,0
4908.0,391.30360221862793,False,0.4027974627891619,43,67,118,105,0
5347.5,399.5462441444397,False,0.42094616011162217,43,67,122,106,0
5843.5,392.2325370311737,False,0.4773046642282729,44,67,125,109,0
6162.0,417.4457383155823,False,0.4443564562069828,42,66,130,109,0
6532.5,433.0020871162415,False,0.4378338178606288,44,68,129,113,0
6848.5,410.3746713399887,False,0.5110274491197232,44,69,130,108,0
7020.5,407.8893908262253,False,0.5302651540161303,45,72,130,106,0
7110.0,409.303603887558,False,0.5333205613607144,46,73,130,106,0
1129.5,225.86500477790835,False,0.2782263158339255,60,94,63,58,0
6983.0,412.1320300102234,False,0.516629462398825,46,74,130,102,0
6616.0,398.47517704963684,False,0.5236038317047169,47,76,128,96,0
6248.0,375.1614700555802,False,0.5578461331160126,49,80,124,88,0
5905.5,346.43354654312134,False,0.6183390269065946,51,79,116,84,0
5485.5,330.97770357131964,False,0.6292577987214741,55,83,111,75,0
3144.5,241.3797242641449,False,0.6782032855663291,59,89,76,61,0
1125.0,127.88224923610687,False,0.8644539321087618,68,96,38,41,0
588.0,94.08326005935669,False,0.8347616230927287,74,99,26,33,0
165.0,65.4558435678482,False,0.4839460614632982,49,112,11,29,0
390.0,95.59797883033752,False,0.5362620330752038,49,106,15,42,0
1799.0,261.42135334014887,False,0.3307949799175377,60,92,68,64,0
776.5,130.81118178367615,False,0.5702451308565539,49,95,23,55,0
889.5,142.46803605556488,False,0.5507074369548227,49,92,24,61,0
1154.0,158.3675302267075,False,0.5782070532657704,49,90,29,66,0
1412.0,165.6812386512756,False,0.6463948613639795,50,91,33,69,0
1789.5,190.06601464748383,False,0.6224903595179689,50,87,40,78,0
1871.5,196.2081503868103,False,0.6108936458598975,50,89,46,79,0
2119.5,246.4924213886261,False,0.4383652734482333,50,77,51,95,0
2632.5,303.94826459884644,False,0.3580790458864078,51,72,60,104,0
3421.0,372.13203048706055,False,0.3104336798186733,52,70,71,109,0
4302.5,392.8599531650543,False,0.3503121674096567,53,69,76,111,0
2489.0,308.8771969079972,False,0.32784084911905703,60,91,72,71,0
5519.5,426.03152477741236,False,0.3821431935901658,54,70,82,109,0
5594.0,350.53405153751373,False,0.5720999383780611,57,70,74,107,0
5964.0,359.0193314552307,False,0.5814492719614089,57,72,86,107,0
5876.0,329.70562338829035,False,0.6792645380903962,57,71,80,105,0
5689.5,319.6051194667816,False,0.6999330667251581,58,72,83,103,0
4947.0,285.22034263610834,False,0.7641714003052908,60,74,78,95,0
4089.0,254.93607318401337,False,0.79061379987454,62,81,67,83,0
3012.5,216.5512968301773,False,0.8072635470902936,65,84,54,77,0
1913.5,168.7523070573807,False,0.8443818562532508,68,92,47,58,0
830.0,110.911687374115,False,0.8478779308253982,79,100,30,38,0
3235.0,280.73506295681,False,0.5158112771498092,60,91,77,79,0
234.0,68.28427076339722,False,0.6306441477508236,50,116,12,30,0
528.5,103.84061932563782,False,0.6159143409259632,50,105,18,45,0
839.0,129.74011433124542,False,0.6263589281142925,50,98,22,56,0
1042.5,150.12489068508145,False,0.5812734935777703,50,93,28,64,0
1295.0,164.0243850946426,False,0.6048710454772619,50,90,32,69,0
1607.5,177.23758971691132,False,0.6430565628937801,50,89,38,74,0
1923.0,199.96551132202148,False,0.604336677044777,50,86,43,81,0
1937.5,203.03657734394073,False,0.5906130077109427,50,93,51,77,0
2424.0,276.04877078533167,False,0.3997337743671123,50,74,59,100,0
5538.5,343.60511910915375,False,0.5894985934680356,50,67,88,101,0
3603.5,282.0071399211884,False,0.5693956990521303,60,92,77,81,0
5605.0,349.5634882450104,False,0.5764124492185418,50,68,87,96,0
5535.0,319.5634887218476,False,0.6811036092976559,52,68,90,93,0
5491.0,314.39191687107086,False,0.6981014891885539,55,70,92,89,0
5094.0,306.59292709827423,False,0.6809959689331803,56,72,91,82,0
3762.5,239.52185893058777,False,0.8241306487041302,57,74,73,73,0
2589.0,192.8528130054474,False,0.8747620999498972,62,80,55,61,0
1534.5,151.43859875202182,False,0.8408210811248051,66,84,46,48,0
645.0,97.25483334064484,False,0.8569336376041463,76,92,29,30,0
188.5,66.5269114971161,False,0.5352128043275486,53,118,12,29,0
411.0,119.05382347106934,False,0.36438877563191774,53,103,26,46,0
3877.5,289.6639930009842,False,0.5807278369903999,61,90,76,83,0
560.5,130.4680358171463,False,0.4137873719123344,52,102,30,51,0
817.5,160.9533166885376,False,0.3965498267986248,52,100,43,55,0
1090.5,183.43859887123108,False,0.40724342835065935,51,99,50,60,0
1501.5,264.69343066215515,False,0.2693077645176025,50,93,81,69,0
2272.0,315.3624783754349,False,0.2870768360311408,49,95,93,71,0
2612.5,349.5462441444397,False,0.2686933283864635,48,97,99,72,0
3165.0,348.8183209896088,False,0.32687748192351035,49,97,100,75,0
3689.0,309.70562469959265,False,0.4833039377184111,48,97,103,76,0
4346.0,309.22034263610834,False,0.5711674792329158,49,97,106,76,0
4546.5,311.4629831314087,False,0.5889442441481968,49,97,106,76,0
4231.0,265.6223658323288,False,0.7535700132575357,62,92,76,81,0
4608.0,314.04877030849457,False,0.5871217105694885,50,95,106,78,0
4591.5,317.8061292171478,False,0.5712680233178901,50,96,106,75,0
4525.0,318.3919159173965,False,0.5609244656951529,50,99,113,72,0
4377.0,301.563489317894,False,0.6048238259253297,51,100,106,69,0
4089.5,298.00713968276983,False,0.5786643646215059,50,103,108,60,0
3289.0,244.3086551427841,False,0.692462136611764,53,102,85,57,0
2642.0,215.48022890090942,False,0.7150358568253099,56,103,77,52,0
1702.0,157.88224947452542,False,0.8580306639294365,60,107,51,44,0
685.0,102.08326005935669,False,0.8260215422645338,67,112,33,30,0
105.5,51.69848430156708,False,0.4960285824972209,62,106,10,22,0
4332.5,268.5512963533401,False,0.7549078285427593,62,94,80,79,0
181.5,80.32590103149414,False,0.3534884936898308,62,99,19,32,0
228.5,84.32590055465698,False,0.4038072319158323,62,100,19,33,0
228.0,71.94112491607666,False,0.55359258213174,62,104,13,30,0
383.0,111.05382287502287,False,0.3902488318363733,61,96,30,40,0
564.0,139.0538227558136,False,0.3665414577519834,61,95,43,42,0
697.0,146.36753118038175,False,0.4088397810664529,61,94,46,45,0
832.5,151.7817447185516,False,0.4541036835762966,61,94,47,46,0
973.5,161.4385988712311,False,0.4693870034797109,61,94,49,48,0
1214.0,184.99494779109955,False,0.44576792391943937,61,92,57,52,0
1687.0,244.93607270717618,False,0.35336167622594106,60,88,83,58,0
3831.5,281.0365788936615,False,0.6096112790870191,63,98,83,71,0
2070.5,237.8650051355362,False,0.4598582611482655,60,89,85,59,0
2378.0,250.59292781353,False,0.4758653619170759,59,89,89,61,0
2640.5,260.6934336423874,False,0.4882428041834127,59,89,93,63,0
2859.0,262.93607270717615,False,0.5196652488775483,59,88,88,65,0
2925.5,274.6934314966202,False,0.4872068852845925,61,89,91,65,0
3237.5,292.49242186546326,False,0.4755436688846258,58,88,97,66,0
3509.0,274.249780535698,False,0.5862740273231115,56,88,97,66,0
3583.5,279.32084786891943,False,0.577179063944032,57,88,97,67,0
3634.5,281.66399466991425,False,0.5756942192320166,57,89,100,65,0
3633.0,282.9360741376877,False,0.5702937544704895,56,88,100,65,0
652.0,146.0243852138519,False,0.38424363914378973,54,94,28,57,0
2484.0,200.16652059555054,False,0.7790737568165528,65,104,57,61,0
3552.5,286.00713932514185,False,0.545745548949592,58,89,100,62,0
3553.0,262.5929262638092,False,0.6474988862985125,57,88,100,61,0
3293.5,281.6639957427978,False,0.5216808079780446,58,89,102,57,0
3215.0,289.9066356420517,False,0.4807004506840982,59,89,103,52,0
2977.0,276.1076447963714,False,0.4907178273344838,61,89,99,49,0
2858.0,258.4507919549942,False,0.5376706794023202,64,88,94,47,0
2414.0,228.6518017053604,False,0.5802269197409107,66,90,88,41,0
1862.0,196.16652047634125,False,0.6080506583775307,70,91,77,37,0
327.0,72.91168677806854,False,0.7729712225315551,76,102,25,23,0
229.0,79.11269783973694,False,0.4597830500159793,49,103,11,36,0
1651.0,153.05382251739505,False,0.8856631518143055,68,108,40,52,0
714.0,127.74011373519896,False,0.5498617105761834,48,99,21,54,0
1595.5,170.95331704616547,False,0.6860434285641285,45,96,39,63,0
2416.0,208.65180134773254,False,0.6973688060452659,45,94,47,76,0
2942.5,237.6639944314957,False,0.6546354978946829,46,92,60,84,0
4404.0,288.5340503454208,False,0.6647571692225019,43,88,79,91,0
6300.0,521.8721451759338,False,0.2906847038350241,46,69,104,111,0
7140.0,408.81832134723663,False,0.5368430987641917,47,69,105,112,0
7746.5,377.60512042045593,False,0.6827153061237576,48,68,115,112,0
8853.0,410.47517573833466,False,0.6602775532835012,46,68,121,115,0
8675.0,402.81832206249237,False,0.6718323549831822,47,70,127,110,0
1052.5,122.6690468788147,False,0.8789455805012363,72,112,32,41,0
8258.5,389.2619742155075,False,0.6848998566346802,49,73,123,102,0
7495.5,373.0609637498856,False,0.6767852060967643,46,76,123,94,0
5866.0,323.36247825622564,False,0.7049733072799054,49,76,107,86,0
3708.0,246.59292685985562,False,0.7662815318654282,54,80,78,75,0
2654.5,197.58073365688324,False,0.8544829595361054,61,84,60,61,0
1249.0,144.36753141880038,False,0.7530663492004174,71,87,40,50,0
159.0,59.45584356784821,False,0.5652204906237479,50,113,10,27,0
636.5,115.1543276309967,False,0.6031811267872572,49,102,22,48,0
1211.5,150.61017107963562,False,0.6711578572024499,48,100,35,59,0
2006.5,202.89444148540497,False,0.6125037185034256,48,97,45,71,0
358.0,73.59797871112823,False,0.8305410766417071,78,117,22,25,0
2688.5,221.1787136793137,False,0.6906106142045955,46,94,57,77,0
3038.5,266.3502860069275,False,0.538223640904121,47,88,72,84,0
4974.5,345.7472542524338,False,0.5229279071905071,48,75,86,100,0
5663.5,358.57568073272705,False,0.553519729974688,47,75,96,100,0
6248.5,351.9482641220093,False,0.6339105550601085,48,74,100,103,0
6764.0,349.22034335136414,False,0.6969704942672861,48,75,107,102,0
6966.0,368.0487712621689,False,0.6462232658834218,49,75,116,101,0
6768.0,362.5340509414673,False,0.6471017977398125,51,77,116,96,0
6648.0,354.87719643116,False,0.6633529850532575,53,79,114,90,0
5725.5,331.60511827468866,False,0.6543058942698156,54,80,109,83,0
5662.5,352.63455760478973,False,0.5722269906782237,49,83,108,82,0
3780.0,263.0782080888748,False,0.6863283107247784,57,85,87,71,0
2176.0,178.99494767189026,False,0.8534679358033536,61,90,53,59,0
998.0,122.36753177642822,False,0.8375447197687199,67,99,37,42,0
59.0,39.45584368705749,False,0.4762546257784707,66,99,7,17,0
139.5,64.87005710601807,False,0.4165772139809935,65,94,11,29,0
251.5,84.18376588821411,False,0.4459551197211855,65,91,14,37,0
435.0,102.08326005935669,False,0.5245538261095944,63,90,18,43,0
525.0,117.740114569664,False,0.4759049908227211,62,88,22,50,0
200.0,67.45584332942964,False,0.5523326384474148,88,92,30,11,0
730.5,133.15432786941528,False,0.5177492885998909,61,87,24,56,0
923.5,146.46803617477414,False,0.5409548844588752,60,86,26,61,0
1109.0,156.36753106117246,False,0.5699650846800853,59,85,28,64,0
1443.0,178.16652154922485,False,0.5712470797382383,58,84,33,72,0
1705.0,187.82337427139282,False,0.6073443147365141,57,83,41,73,0
2100.5,224.69343173503879,False,0.5228195216172287,57,79,45,79,0
2371.5,244.3502861261368,False,0.4991226623624485,55,80,50,78,0
2459.5,240.35028541088104,False,0.5350167840969636,55,82,53,73,0
2638.5,248.20815002918243,False,0.5381890870087436,54,81,54,72,0
159.0,67.45584368705751,False,0.4391044429097308,112,82,29,12,0
1625.5,242.55129599571228,False,0.34720793261562866,53,88,73,67,0
267.5,76.52691113948822,False,0.5739912631094657,110,81,31,16,0
4307.5,364.0903985500336,False,0.4083350855386326,53,78,92,79,0
4593.0,350.3330410718918,False,0.4702665747966975,52,78,98,78,0
4744.5,338.776691198349,False,0.5194853099089223,52,78,97,78,0
4985.5,332.43354642391205,False,0.5669031879178916,52,78,101,76,0
5022.5,315.462984085083,False,0.6342098679515009,53,78,99,76,0
4979.5,312.1492750644684,False,0.642200943679661,54,75,102,74,0
5113.0,321.5634878873825,False,0.6213727383697387,55,77,101,72,0
4756.0,300.9360719919205,False,0.6599381181171341,57,78,100,64,0
4809.0,310.5929275751114,False,0.6264429362095433,58,79,116,62,0
2653.5,294.14927458763117,False,0.3853837448976031,52,86,79,75,0
4201.5,290.20815014839167,False,0.6268953118999444,61,78,107,59,0
3486.0,264.30865573883057,False,0.6270677634904372,63,79,99,55,0
2480.0,198.8528113365173,False,0.7881303902668519,68,83,68,49,0
1610.0,150.3675309419632,False,0.894803353076167,70,83,46,47,0
139.5,65.2132030725479,False,0.4122047649222961,63,101,9,30,0
267.0,91.5979789495468,False,0.3998981018250523,61,97,14,41,0
589.0,120.91168749332428,False,0.5062774616641029,60,94,19,53,0
910.0,155.0538226366043,False,0.475648685727321,58,90,23,68,0
1495.0,190.99494743347168,False,0.5150000835200279,57,87,31,77,0
1922.0,201.9655100107193,False,0.5921187671083672,56,87,41,78,0
3569.5,279.6639952659607,False,0.5735141466956793,53,86,82,76,0
2493.5,236.49242186546329,False,0.5602537587991551,56,84,51,82,0
135.0,57.79898929595947,False,0.5078122160511128,105,89,26,9,0
3631.5,424.03152549266815,False,0.2538046764673135,56,81,82,89,0
4569.5,351.26197278499603,False,0.465389170835857,57,82,91,86,0
5090.0,324.7350624799728,False,0.6065537334833471,58,83,96,84,0
5095.0,320.73506152629847,False,0.6223879511178191,58,82,100,82,0
5268.0,328.8771966695785,False,0.6120516971722185,59,85,104,76,0
5288.0,332.04877114295965,False,0.6026949546221867,60,84,109,72,0
4064.0,271.9066344499588,False,0.6907548684666953,60,84,94,68,0
2698.0,202.30865561962128,False,0.8283671749391972,65,86,65,61,0
4362.5,318.97770214080816,False,0.5387963608130019,53,88,87,88,0
1959.0,172.50966656208038,False,0.8272131478339009,68,89,47,54,0
1404.5,141.15432739257812,False,0.8858153743639356,72,94,40,44,0
774.5,107.15432822704315,False,0.8476407951399753,76,99,31,33,0
1144.0,128.56854164600372,False,0.8696939582067991,64,108,34,44,0
567.5,91.01219201087952,False,0.8609473252103459,70,114,25,31,0
174.0,50.28427076339722,False,0.8647584208957451,59,119,14,19,0
407.0,77.94112467765808,False,0.8419202137133837,56,115,20,28,0
662.0,100.08326017856598,False,0.8305101904044625,54,110,25,37,0
877.0,116.91168689727785,False,0.8062943258884924,53,108,28,42,0
1074.0,134.3675309419632,False,0.7475245695751138,53,103,33,50,0
266.5,61.69848418235779,False,0.8797475958491179,69,142,21,18,0
31.5,20.727921724319454,True,0.9213166036471372,96,162,7,8,0
313.5,69.0121923685074,False,0.8271718775885207,63,141,23,22,0
564.0,90.91168773174286,False,0.8575304047102621,59,137,30,28,0
743.0,102.91168761253357,False,0.8815953231329986,59,136,32,32,0
880.5,113.15432798862456,False,0.8641654220395713,57,136,36,34,0
926.0,114.911687374115,False,0.8812364390122905,57,137,35,35,0
1040.0,129.53910493850708,False,0.778827753968701,57,136,42,37,0
1239.0,133.39696872234344,False,0.8749621143858596,58,137,44,37,0
1248.5,135.63960886001587,False,0.8527571180968154,59,140,47,35,0
1139.5,131.98275482654572,False,0.8220340660173802,62,143,48,32,0
858.5,113.84061956405641,False,0.8324452167083688,69,146,41,27,0
66.0,31.798989295959476,False,0.8202139785824032,78,142,12,10,0
364.5,73.6984841823578,False,0.8433158943807065,84,149,25,20,0
108.5,41.55634868144989,False,0.7895230960624421,88,154,17,9,0
46.0,26.14213526248932,False,0.8458348615604563,79,135,11,7,0
226.0,59.94112479686737,False,0.7904393033053374,73,133,23,16,0
383.0,76.42640614509583,False,0.8239896604861121,71,131,27,22,0
512.0,89.59797871112823,False,0.8014628573818814,71,131,29,26,0
575.5,96.32590091228485,False,0.7794154904112279,69,133,30,28,0
676.5,100.66904664039612,False,0.8388527902252602,69,133,32,30,0
738.5,107.49747383594513,False,0.8030893128550051,68,134,33,31,0
711.5,103.98275446891785,False,0.8269174054351442,70,136,35,31,0
219.0,55.455843806266785,False,0.8948687520600226,76,140,19,16,0
768.0,106.91168713569641,False,0.844346520377668,71,140,36,30,0
682.5,103.49747383594513,False,0.8006690118131208,75,140,33,31,0
468.5,85.84061944484709,False,0.7989760724859201,83,143,26,28,0
241.5,60.87005758285522,False,0.8190672739368714,91,149,17,21,0
64.0,31.79898953437805,False,0.7953589976077603,81,128,13,9,0
263.5,61.69848370552063,False,0.8698442592472305,76,125,22,17,0
373.0,75.25483345985413,False,0.8276560573503422,74,125,26,23,0
429.0,82.083260178566,False,0.8001252233157818,72,127,29,24,0
516.0,88.08326017856598,False,0.8357431092733314,71,129,30,26,0
541.5,91.0121922492981,False,0.8215030381653577,70,131,31,25,0
317.5,67.69848394393921,False,0.8705539841791651,74,138,22,20,0
577.0,93.74011492729187,False,0.8251534387690896,70,132,33,27,0
509.5,89.98275542259216,False,0.7907432195984191,72,134,32,27,0
550.5,93.49747455120087,False,0.7913478497232121,76,135,31,28,0
304.5,70.18376529216765,False,0.7768261435200449,84,138,22,23,0
190.0,55.94112491607666,False,0.7629587785267496,89,142,17,20,0
45.5,26.384775876998898,False,0.8213238641930535,92,131,10,9,0
280.5,68.18376517295836,False,0.7581947452701063,83,128,22,22,0
466.0,86.56854224205017,False,0.7814038956141164,79,126,28,28,0
570.0,95.39696979522705,False,0.7870739883785888,77,128,32,29,0
642.5,101.982754945755,False,0.7762998755177881,76,128,32,31,0
335.5,69.35533857345581,False,0.8764811818384279,75,140,23,20,0
615.5,99.98275482654572,False,0.7737269494124541,77,130,33,30,0
602.0,96.2253954410553,False,0.8170091986430943,80,132,32,29,0
503.0,89.25483274459839,False,0.7934405063141144,84,134,28,27,0
386.5,76.66904687881471,False,0.8262647658604995,88,136,26,24,0
182.5,53.69848442077637,False,0.7953324019227674,93,142,18,17,0
67.0,34.627416610717766,False,0.7021735765997357,100,144,9,14,0
373.0,76.42640602588655,False,0.8024755726373841,83,116,23,26,0
694.5,103.15432894229887,False,0.8201762662306196,77,114,32,33,0
933.0,120.22539591789246,False,0.8111460840558776,73,114,37,38,0
1074.5,129.78174543380734,False,0.8016578737214275,71,115,42,41,0
408.5,76.52691125869752,False,0.8765436644849033,75,140,25,22,0
1076.0,129.5391038656235,False,0.8057871895690295,72,117,41,41,0
1018.5,131.43860042095184,False,0.740841061483163,73,119,38,42,0
942.0,121.53910362720491,False,0.8013619337769269,75,121,35,42,0
833.0,117.88224971294404,False,0.7532827709962713,77,124,34,41,0
717.5,122.12489008903505,False,0.6045377115668552,80,127,32,40,0
598.5,103.98275470733644,False,0.6955868796674749,82,135,30,33,0
468.5,92.32590138912201,False,0.6906727895230595,85,136,27,32,0
325.5,76.66904664039613,False,0.695858170660546,90,138,21,29,0
190.5,59.35533821582794,False,0.6794934520818013,94,141,16,23,0
148.5,47.6984840631485,False,0.820213974482603,84,118,17,15,0
447.5,82.18376529216765,False,0.8325893168533215,76,142,29,21,0
521.0,90.0832611322403,False,0.8067879214129487,77,113,29,28,0
829.5,112.46803653240204,False,0.8240774452577356,71,111,36,36,0
1045.0,126.71067726612092,False,0.8178990994908489,68,112,41,39,0
1097.0,132.3675305843353,False,0.7867804462282886,68,113,43,41,0
1051.5,132.1248904466629,False,0.756919790716854,68,116,41,41,0
926.5,122.12489068508148,False,0.7806330094764715,70,118,35,41,0
837.5,118.95331752300262,False,0.7437749755031097,72,121,37,40,0
707.0,112.2253954410553,False,0.7054187338616879,75,126,33,37,0
621.5,109.29646325111388,False,0.6537907616429205,77,127,31,38,0
466.0,90.91168749332428,False,0.7085268983882194,81,134,27,31,0
446.5,82.18376517295837,False,0.8307287844770365,79,144,31,20,0
349.5,79.84061944484709,False,0.6889841776480142,85,136,23,28,0
203.5,62.18376553058624,False,0.6613330747289307,90,138,17,24,0
75.5,39.69848442077637,False,0.6020172864174543,92,143,12,16,0
61.5,29.5563485622406,True,0.8846743192984652,77,140,12,8,0
159.0,50.28427040576935,False,0.7902102924034973,72,136,16,17,0
287.0,64.28427028656006,False,0.8727348607382184,72,135,18,22,0
364.0,73.94112491607666,False,0.8366409943927724,71,136,21,25,0
440.5,81.3553384542465,False,0.8363415328149609,71,135,22,27,0
475.0,87.25483238697052,False,0.7840152250279877,71,135,23,29,0
517.5,94.32590055465698,False,0.7309005651880853,72,135,27,31,0
379.5,76.18376517295837,False,0.8216687667986439,82,147,30,18,0
568.0,95.74011445045471,False,0.7787002517557937,74,136,28,32,0
631.0,95.25483345985413,False,0.8739069217084897,76,136,27,32,0
591.5,96.66904723644257,False,0.7954076004095382,78,138,26,31,0
484.5,86.66904640197754,False,0.8105421594135624,81,139,24,31,0
438.5,83.49747359752655,False,0.7903742659165016,83,140,23,31,0
277.0,66.42640614509583,False,0.7888748671244507,87,144,19,25,0
59.0,28.97056233882904,False,0.8833809411685606,76,140,10,10,0
210.5,54.87005662918091,False,0.8785998956835701,73,137,17,18,0
345.5,70.5269114971161,False,0.8728672203664265,71,136,21,23,0
446.5,80.18376612663269,False,0.8726868381071596,71,135,23,27,0
299.5,67.69848418235779,False,0.821199736772254,86,149,26,16,0
525.5,89.35533845424652,False,0.8270686821130382,70,136,25,28,0
579.0,94.91168713569641,False,0.8076980621523037,71,134,27,33,0
627.0,98.91168701648712,False,0.8053454076519901,74,134,28,34,0
671.5,100.32590138912201,False,0.8383584388096208,75,136,29,33,0
702.0,102.08326017856598,False,0.8465213449859932,77,136,29,34,0
617.0,98.08325982093812,False,0.8059447033528568,79,139,27,31,0
498.0,86.08326005935669,False,0.8445041637854521,83,140,24,31,0
369.5,74.18376553058623,False,0.8437359588178441,86,143,21,26,0
123.5,42.87005722522736,False,0.8444398018313324,92,150,13,16,0
101.0,37.798989415168755,False,0.8883229047355881,81,132,13,12,0
389.5,73.6984841823578,False,0.9011564907031144,67,142,24,21,0
147.0,45.4558436870575,False,0.8940210672636374,92,153,17,13,0
216.5,54.870056867599494,False,0.9036431152610528,78,130,19,16,0
432.5,81.01219213008879,False,0.8281236884239724,72,129,27,24,0
555.0,91.25483334064484,False,0.8375121083657607,71,128,30,27,0
700.0,102.56854140758514,False,0.8361410487678564,69,127,35,30,0
669.0,102.22539484500885,False,0.8044858104685451,69,128,35,31,0
720.0,107.0538227558136,False,0.7894743065067349,70,127,36,33,0
732.0,109.05382299423219,False,0.7734623092787603,70,127,33,34,0
709.5,102.81118190288544,False,0.8434931504749804,73,129,33,33,0
629.5,97.63960909843443,False,0.8297619856582712,74,133,34,30,0
586.5,96.81118333339693,False,0.7863697944730934,75,136,34,29,0
31.5,20.727921724319454,True,0.9213166036471372,90,125,7,8,0
500.5,91.98275446891785,False,0.7433633146634704,77,140,33,25,0
338.5,73.84061992168427,False,0.7801495616751826,82,143,26,21,0
207.0,57.9411256313324,False,0.7748298678066812,87,146,21,16,0
68.0,30.97056233882904,False,0.8908828420480289,93,119,12,9,0
138.0,45.45584344863892,False,0.8392850923578183,90,117,16,14,0
210.0,57.94112455844879,False,0.78605931529128,86,117,21,17,0
309.5,69.0121923685074,False,0.8166178504422558,84,116,24,21,0
393.5,78.66904735565186,False,0.7990000721115844,82,114,26,25,0
484.0,85.7401144504547,False,0.8273458787173379,81,115,29,27,0
501.5,89.49747383594513,False,0.7867907533187165,81,116,30,27,0
126.0,42.62741684913635,True,0.8713695456956179,86,124,16,12,0
567.5,94.32590162754059,False,0.8015189590502453,81,114,30,30,0
574.0,95.74011421203613,False,0.7869259625598517,81,114,30,31,0
550.0,93.740114569664,False,0.7865414121071855,81,115,28,31,0
515.0,93.3969691991806,False,0.7419105153038367,81,116,29,30,0
546.0,93.39696931838988,False,0.7865692045083906,81,119,31,29,0
465.0,85.74011540412903,False,0.7948674071183682,82,122,28,27,0
436.5,82.32590067386626,False,0.8093215983947062,83,124,28,26,0
351.0,76.42640566825868,False,0.7551445807822823,84,128,27,22,0
287.0,69.59797859191896,False,0.7445579557652885,86,130,25,20,0
240.0,61.11269772052765,False,0.8075291251856994,89,132,22,17,0
203.5,56.87005698680878,False,0.7906912825907241,84,122,19,16,0
134.5,45.69848394393921,False,0.8093354497174648,93,135,17,14,0
72.5,33.213203072547905,False,0.8258978753288472,97,138,12,11,0
12.0,14.14213514328003,True,0.7539822880916458,101,141,6,6,0
77.0,34.97056245803833,True,0.7912165343323634,70,134,15,8,0
214.0,56.2842708826065,False,0.8488863462638808,68,129,20,16,0
375.5,75.01219248771667,False,0.8386023722061537,67,126,23,24,0
586.5,93.49747407436372,False,0.8430981264246042,62,124,31,28,0
783.5,108.32590103149414,False,0.8390430505219079,61,124,35,32,0
976.0,120.56854164600372,False,0.8437070264248915,60,122,37,36,0
1034.5,123.9827550649643,False,0.8457028488256614,61,122,37,37,0
327.0,70.42640578746796,False,0.8284886578205589,82,118,23,22,0
1097.0,128.22539567947388,False,0.8384330625161988,61,121,39,40,0
1193.0,133.88224995136258,False,0.8363812787568511,62,122,42,41,0
1193.5,131.78174471855164,False,0.8636181902259412,65,122,42,42,0
1104.5,128.12489080429077,False,0.8454901797493235,68,124,40,41,0
922.0,118.22539532184601,False,0.8289326296635601,72,128,37,36,0
698.0,102.42640578746796,False,0.8360676509097266,79,133,31,31,0
364.5,74.66904675960541,False,0.8215352119497289,86,137,23,26,0
46.0,25.31370830535889,True,0.9021030538683492,72,134,10,7,0
189.0,52.28427052497864,False,0.8688195045376427,68,130,18,16,0
366.0,75.59797859191896,False,0.8047677851088394,66,126,24,24,0
385.5,75.84061992168427,False,0.8422295948001779,79,119,27,22,0
549.5,90.669046998024,False,0.839961651584146,62,125,30,27,0
747.5,104.66904628276824,False,0.8574020686665814,60,124,34,30,0
896.5,115.15432810783386,False,0.8495708966008295,60,122,36,34,0
941.5,117.15432810783386,False,0.8620123998072385,61,123,35,35,0
985.0,123.05382239818572,False,0.8174399846900973,61,123,39,37,0
939.0,123.88224971294404,False,0.7688777425121283,63,123,40,37,0
943.0,116.71067714691162,False,0.8699621925343477,66,126,38,37,0
748.0,105.740114569664,False,0.8406823094740273,72,131,33,32,0
537.5,90.18376541137695,False,0.8304846391032751,78,134,27,28,0
244.0,63.597978830337524,False,0.7580765502787103,85,138,20,22,0
461.5,87.49747371673584,False,0.7575137868032743,77,120,32,23,0
495.0,87.25483286380768,False,0.8170263834676855,77,121,31,23,0
566.5,96.32590103149414,False,0.7672265407907856,76,121,34,24,0
586.5,93.15432810783386,False,0.8493208876167802,76,119,30,29,0
503.5,84.52691125869752,False,0.8855627493713111,67,141,27,24,0
690.5,104.81118214130402,False,0.7898748907398432,77,117,33,32,0
616.5,96.32590103149414,False,0.8349429168535203,78,118,29,31,0
693.5,101.982754945755,False,0.837920566025815,79,119,33,32,0
623.5,96.32590043544769,False,0.8444232199525653,80,123,32,29,0
602.0,98.56854236125946,False,0.7786274077126047,81,125,33,28,0
547.5,93.49747371673584,False,0.7870353414299782,83,125,31,28,0
441.5,83.49747359752655,False,0.7957816155122815,88,126,26,27,0
372.0,75.25483250617981,False,0.8254371612273752,89,128,25,24,0
215.0,59.59797966480255,False,0.7606506637888123,93,129,20,20,0
130.5,45.69848442077637,False,0.7852659775761961,98,128,14,17,0
630.5,94.18376588821413,False,0.8931879429669913,68,141,31,26,0
22.0,17.313708305358887,True,0.9222578319518916,87,133,6,7,0
152.5,48.52691125869751,False,0.813793860460475,82,129,17,15,0
283.0,63.94112515449524,False,0.8698327419800822,80,127,21,20,0
391.5,77.01219248771667,False,0.8295119657249629,76,127,27,22,0
491.0,86.91168689727783,False,0.8168362397431471,76,127,30,24,0
590.5,93.15432846546172,False,0.8551133508728336,75,126,32,27,0
636.5,95.982754945755,False,0.8682041347117312,76,125,31,30,0
723.0,104.56854128837584,False,0.8308948398363679,78,126,35,30,0
657.5,102.32590055465698,False,0.7891044094611053,81,127,34,29,0
616.0,98.91168677806854,False,0.7912165446654043,83,127,32,30,0
724.0,102.42640566825868,False,0.8672105740223967,69,143,37,25,0
476.5,86.66904652118683,False,0.7971585921529363,86,130,29,26,0
288.0,66.76955175399779,False,0.8117932398098991,93,133,22,21,0
67.0,31.798989295959476,False,0.8326414631063789,99,140,12,10,0
83.0,34.627416610717766,False,0.8698568187728071,78,143,13,11,0
283.0,63.94112527370453,False,0.8698327387367191,74,140,22,19,0
480.0,85.59797883033751,False,0.8232354833073509,72,138,28,25,0
592.0,98.568541765213,False,0.7656934068780454,70,137,31,30,0
675.5,101.49747395515442,False,0.8239953290708345,71,136,31,32,0
696.5,105.15432846546172,False,0.7915469435944764,71,136,30,33,0
829.5,113.63960909843443,False,0.8071733081372097,72,137,36,34,0
651.0,100.42640626430513,False,0.8111384880376843,71,146,38,23,0
844.5,112.66904652118684,False,0.8359884549136234,74,141,37,30,0
809.0,108.08325982093812,False,0.8702449591375905,77,140,35,31,0
657.0,96.42640602588655,False,0.8879392898434189,80,144,33,26,0
232.0,59.11269783973694,False,0.8343269801235096,94,149,17,20,0
113.0,39.798989534378045,False,0.8964874534352111,81,145,13,13,0
217.5,57.69848453998566,False,0.8209946221661175,77,143,18,19,0
349.0,71.94112515449523,False,0.8473851310675081,77,141,21,24,0
507.0,87.59797906875609,False,0.8302896984528485,74,138,25,29,0
620.5,95.84061992168428,False,0.848891962282431,72,139,27,32,0
720.5,105.49747347831726,False,0.8135040720811126,70,140,28,34,0
557.0,91.59797942638396,False,0.8342443460578957,77,148,34,22,0
790.0,108.91168701648712,False,0.8369277825514239,70,141,31,35,0
879.0,114.56854164600372,False,0.8415268343693446,71,142,35,36,0
876.5,115.15432786941528,False,0.8306178404396081,72,145,35,34,0
720.5,105.15432751178741,False,0.8188220864385036,75,148,32,31,0
544.0,90.08326053619385,False,0.8424042899359178,80,150,28,29,0
382.5,75.01219201087952,False,0.8542354499252571,85,153,24,24,0
54.5,27.55634868144989,False,0.9019096287635467,78,154,9,10,0
241.0,60.76955235004425,False,0.8200773784737563,70,149,22,18,0
399.0,78.4264062643051,False,0.8151886610114178,69,148,27,23,0
543.5,91.49747431278229,False,0.8158140874426797,68,146,30,28,0
459.5,83.69848442077638,False,0.8242523455630415,80,151,31,19,0
635.5,100.66904640197754,False,0.7880132309138724,68,145,31,31,0
684.5,107.9827550649643,False,0.7376910404584605,67,144,32,32,0
810.0,115.39696824550629,False,0.7643743144508129,67,146,38,31,0
874.0,112.91168701648712,False,0.8614766372795496,69,147,38,31,0
801.0,109.74011409282684,False,0.8358177027788182,72,149,38,29,0
666.5,99.84061980247498,False,0.8402247709031354,75,150,35,26,0
455.0,81.2548336982727,False,0.8660098846819687,80,153,29,23,0
94.5,37.213203072547905,False,0.8575265333316139,93,161,12,13,0
252.0,62.76955187320709,False,0.8037340149200737,68,125,21,19,0
519.0,87.25483322143555,False,0.8566397768560899,64,120,28,27,0
244.5,59.69848442077637,False,0.8621088750817012,87,155,22,16,0
742.5,104.32590126991272,False,0.8572786963111685,61,119,33,32,0
911.5,115.98275446891785,False,0.8514902900619191,60,119,35,36,0
1032.0,125.05382180213928,False,0.8292693682456307,59,120,38,37,0
1128.0,127.05382335186005,False,0.8780990081398171,58,121,39,39,0
1166.5,129.78174471855164,False,0.8702968078208493,58,122,42,40,0
1150.5,128.1248904466629,False,0.8807029943249316,60,125,43,38,0
1102.5,125.63960909843443,False,0.8776781954895767,63,129,42,35,0
816.5,110.81118190288544,False,0.8356008613661756,69,132,39,31,0
445.0,81.59797883033751,False,0.8398680727587808,79,136,27,24,0
86.5,36.041630029678345,False,0.8367912357767117,90,142,12,12,0
184.0,51.45584344863892,False,0.8732895919854722,160,149,18,15,0
417.5,78.18376505374907,False,0.8582882804564207,149,148,28,21,0
1057.0,123.39696860313416,False,0.8723200799429406,153,124,41,35,0
821.5,108.66904711723328,False,0.8741897580277239,151,132,37,29,0
584.0,93.25483334064484,False,0.8438786716353067,150,136,31,26,0
249.0,60.2842708826065,False,0.8609961031326585,152,141,19,19,0
124.0,45.455843329429634,False,0.7541402318712308,170,130,15,15,0
557.5,91.01219260692595,False,0.8457764361549501,163,125,31,25,0
781.0,107.25483298301695,False,0.8531534592527797,163,125,36,29,0
1049.0,126.22539675235748,False,0.8273549380524617,158,124,41,34,0
1111.0,133.88224983215332,False,0.778893212366826,155,124,43,37,0
990.0,136.36753129959106,False,0.6689953541165029,151,129,46,35,0
276.0,64.28427052497864,False,0.8392850863311049,149,150,22,18,0
1202.0,133.88224959373474,False,0.8426909492343969,149,131,47,36,0
1194.5,136.9533170461655,False,0.8002964809299282,146,131,48,38,0
891.5,115.49747407436372,False,0.8398200500706202,144,140,41,29,0
776.0,106.911687374115,False,0.8531417928265016,144,144,38,28,0
295.0,70.76955187320709,False,0.7401827998164751,146,151,25,20,0
88.0,34.97056233882904,False,0.9042474739732972,162,138,12,11,0
257.5,61.69848418235779,False,0.8500375457078719,155,136,23,16,0
419.0,77.9411245584488,False,0.8667434167690407,152,135,28,20,0
514.5,87.01219296455383,False,0.8539550566417725,151,135,30,24,0
538.5,90.18376529216766,False,0.8320297290035671,150,139,32,23,0
90.0,35.798989176750176,False,0.8824921387521893,152,153,11,13,0
529.5,94.32590115070343,False,0.7478489746396648,151,140,32,26,0
553.5,89.49747478961945,False,0.8683722286757323,150,141,30,27,0
741.0,109.74011480808258,False,0.7732096250758035,140,141,37,28,0
785.0,113.74011433124542,False,0.7625216866467901,137,142,38,30,0
635.5,100.66904628276824,False,0.7880132327801559,136,144,33,29,0
355.5,82.32590055465698,False,0.6591382109107604,137,146,26,27,0
19.5,16.727921724319458,True,0.8757103853417034,159,134,7,6,0
214.0,56.28427052497864,False,0.8488863570514565,150,130,21,15,0
360.0,71.94112491607666,False,0.8740935507343265,148,130,25,20,0
378.0,75.11269772052766,False,0.841927981233577,147,132,25,21,0
137.0,43.79898941516876,False,0.8974334462109154,160,146,15,13,0
367.5,77.84061920642853,False,0.7621749017381989,148,135,28,21,0
434.0,78.42640614509583,False,0.8866964409887043,148,136,27,23,0
441.0,80.76955187320709,False,0.8494798991784831,147,139,26,23,0
634.5,100.32589995861052,False,0.7921644744514489,137,138,34,26,0
605.0,97.25483298301695,False,0.8037904721912945,135,140,33,26,0
430.0,84.76955139636993,False,0.7519665980262389,135,141,28,24,0
50.0,30.97056233882904,False,0.6550609132706094,135,145,7,14,0
29.5,20.727921843528744,False,0.8628203014276711,159,140,8,7,0
213.5,57.35533857345581,False,0.8155677569091411,154,132,19,19,0
377.0,74.76955211162567,False,0.8474257491903173,153,132,22,25,0
241.0,57.45584344863892,False,0.9173994970389976,158,144,19,17,0
508.5,87.84061968326569,False,0.8281519703411581,150,132,27,26,0
593.0,97.74011421203613,False,0.7800435911472313,149,133,29,29,0
572.0,95.74011397361755,False,0.7841840641569383,147,134,30,30,0
603.0,93.74011468887328,False,0.8623354005351599,145,136,31,29,0
705.0,103.74011397361755,False,0.8232003367752916,141,136,33,30,0
529.5,88.66904652118683,False,0.8463144412857202,141,139,28,28,0
388.5,77.8406193256378,False,0.8057277507982267,141,141,24,26,0
231.0,59.11269772052765,False,0.8307307464907956,141,144,18,20,0
50.5,28.384775876998898,False,0.787644606150568,161,144,10,10,0
174.0,50.2842708826065,False,0.8647584167955669,157,142,18,15,0
319.0,67.11269772052765,False,0.8900023516587636,156,143,23,19,0
318.5,69.35533833503722,False,0.832069324395936,154,141,25,19,0
474.0,85.25483310222627,False,0.8195023222916398,153,140,30,24,0
564.0,91.74011528491974,False,0.8421130642557831,152,139,32,27,0
647.0,98.911687374115,False,0.8310342503714998,151,140,34,28,0
707.0,103.39696848392487,False,0.8310241910762584,151,140,35,30,0
688.0,101.74011433124542,False,0.8352449520497733,152,140,33,31,0
694.0,103.74011480808258,False,0.8103560631648039,154,140,32,33,0
649.0,102.91168749332428,False,0.7700610579257678,156,142,31,32,0
589.5,96.66904675960541,False,0.7927181488879387,159,144,28,31,0
730.0,109.39696860313416,False,0.766517630594908,151,144,34,32,0
370.5,71.35533821582794,False,0.9144187831734926,155,142,24,21,0
777.5,109.49747323989868,False,0.8148957760317592,150,143,34,33,0
737.5,107.49747395515442,False,0.8020018509369701,151,142,31,35,0
640.5,99.84061932563782,False,0.8074478183105518,153,143,27,34,0
478.0,88.42640626430511,False,0.7681991286017191,154,145,23,32,0
316.5,71.35533881187439,False,0.7811431580009274,155,148,19,26,0
43.5,26.384775876998898,False,0.7852217163164358,157,142,10,9,0
183.0,54.28427052497864,False,0.780392238653111,154,138,18,17,0
345.0,75.59797871112823,False,0.7585925819314802,151,138,26,22,0
494.5,89.49747312068939,False,0.7758086415451616,149,136,31,26,0
569.5,94.32590126991272,False,0.804343701568994,148,137,32,28,0
397.0,74.76955199241637,False,0.8923820252024619,153,142,26,21,0
637.5,99.49747371673584,False,0.8092187652168734,148,139,34,27,0
740.5,105.98275458812714,False,0.8284466017226819,148,137,34,31,0
714.0,105.39696860313416,False,0.8077032600595363,150,137,32,33,0
691.5,100.3259015083313,False,0.8633281594328682,152,139,31,32,0
591.0,97.25483334064484,False,0.7851903563163574,155,140,29,31,0
547.5,93.84061920642851,False,0.7812899860831091,157,143,27,29,0
786.0,110.08326005935669,False,0.8150604971827223,148,142,35,32,0
786.5,109.49747335910796,False,0.8243286513870821,148,139,32,35,0
712.0,106.08326017856598,False,0.7950531112442598,149,140,30,35,0
577.0,96.42640626430513,False,0.7798188245145828,150,142,26,33,0
400.0,75.59797859191896,False,0.8795276339987317,152,143,27,21,0
422.5,81.01219260692595,False,0.8089763103822418,151,146,23,28,0
220.5,60.52691125869751,False,0.7563476009908243,153,149,17,22,0
46.0,26.14213526248932,False,0.8458348615604563,151,137,11,7,0
211.0,56.28427016735077,False,0.8369860916543732,147,134,22,14,0
346.0,72.76955235004425,False,0.8210820466476694,145,133,28,18,0
462.5,83.84061956405641,False,0.8268231791077258,144,132,31,22,0
526.0,88.42640662193298,False,0.8453404568537158,145,133,32,23,0
499.0,90.56854140758514,False,0.7644615779545452,147,133,30,25,0
524.0,88.42640590667725,False,0.8421262482077434,147,133,28,27,0
548.0,93.25483298301695,False,0.7918587595942833,147,133,29,28,0
436.5,79.01219272613525,False,0.8786297076922285,150,143,28,22,0
606.5,96.3259003162384,False,0.8213996538393709,144,134,31,28,0
514.5,90.66904640197754,False,0.7864609197852106,143,137,31,26,0
472.0,85.59797871112823,False,0.8095148941736607,143,138,27,26,0
289.0,67.94112503528595,False,0.7867599402032369,146,143,22,21,0
132.5,44.04163026809693,False,0.8584183029419821,149,147,13,16,0
17.0,16.14213514328003,True,0.8198545807387257,152,138,7,6,0
165.5,50.041630029678345,False,0.8305101923829058,148,135,19,13,0
358.5,73.84061968326569,False,0.8262440758246763,144,132,28,20,0
497.0,85.59797859191896,False,0.8523917447562035,144,132,30,23,0
564.0,91.2548327445984,False,0.8510933969168413,145,132,31,25,0
289.5,63.69848382472992,False,0.8966031114518059,159,146,21,19,0
388.5,76.18376541137695,False,0.8411549773472284,148,145,28,20,0
574.0,91.2548336982727,False,0.8661836872684106,146,134,30,26,0
622.0,94.911687374115,False,0.8676825425470296,146,133,30,29,0
653.0,97.25483322143556,False,0.8675622739958183,146,132,30,30,0
665.5,97.01219248771669,False,0.8885979034190223,144,134,30,29,0
618.5,95.84061932563782,False,0.8461558182147889,144,136,30,28,0
523.5,88.18376553058624,False,0.8459589133768627,143,139,28,26,0
341.5,74.52691078186034,False,0.7726349202305174,145,142,23,23,0
156.0,49.4558436870575,False,0.801492074546856,147,147,16,16,0
114.5,42.384775876998894,False,0.8009318581164769,156,141,17,10,0
278.0,65.11269760131836,False,0.8239925461821064,152,138,25,16,0
348.5,71.6984839439392,False,0.8519080089294208,148,146,26,18,0
417.5,80.1837649345398,False,0.8160061942737592,150,136,29,21,0
579.5,93.01219272613524,False,0.8417508016883417,148,135,33,24,0
608.0,97.74011433124542,False,0.7997748773366492,147,134,34,27,0
638.5,98.66904664039612,False,0.8241550073906062,149,134,33,28,0
601.5,97.1543276309967,False,0.8007947083055899,153,134,29,29,0
709.0,105.39696800708772,False,0.8020470838365591,144,134,37,30,0
695.0,103.740114569664,False,0.8115237269283178,142,136,36,28,0
663.5,103.15432834625244,False,0.7835665355404744,141,137,36,28,0
602.0,96.911687374115,False,0.8054786705812754,140,139,34,26,0
480.5,85.01219260692595,False,0.8354891628420706,141,141,30,23,0
252.5,60.870057225227356,False,0.8563746960631093,149,147,21,17,0
340.0,70.76955199241637,False,0.8530920375924275,142,142,23,22,0
133.0,43.45584344863892,False,0.8850445611880943,143,146,15,14,0
46.0,26.97056233882904,False,0.7946715999664975,155,127,11,8,0
126.5,44.38477599620819,False,0.8069234278104402,153,127,18,10,0
238.5,60.5269113779068,False,0.8180902590736986,151,125,23,16,0
345.0,73.25483310222627,False,0.8078977388692321,149,122,27,21,0
401.0,79.25483322143555,False,0.8022370657724672,147,123,29,21,0
492.0,86.9116872549057,False,0.8184998506033699,146,121,32,24,0
488.0,86.42640590667725,False,0.8209879447538374,147,124,31,23,0
521.0,91.2548325061798,False,0.7862050746643459,148,122,30,26,0
106.0,39.798989534378045,False,0.8409528324259502,150,150,14,12,0
509.0,86.42640554904938,False,0.8563173511025766,152,122,26,27,0
564.5,90.66904628276824,False,0.8628905546864101,147,124,30,26,0
585.5,93.49747371673584,False,0.841660625401374,145,123,31,28,0
536.0,93.74011445045471,False,0.7665203599303884,144,124,31,28,0
547.5,95.154327750206,False,0.7598657974062972,143,127,30,25,0
481.0,85.59797894954681,False,0.8249505549331487,142,130,30,23,0
445.5,81.84061896800995,False,0.8358334772381995,142,130,28,24,0
374.0,74.76955211162567,False,0.8406823082153281,142,132,26,21,0
279.0,63.94112479686737,False,0.8575382958556107,143,134,22,19,0
251.0,60.28427064418793,False,0.8679117413481391,144,135,20,18,0
37.0,23.31370830535889,True,0.8554386556255748,156,121,10,6,0
150.5,46.870057225227356,False,0.8609053296233093,144,137,17,14,0
32.0,21.313708305358887,True,0.8852008182277059,164,140,9,6,0
168.0,50.62741661071777,False,0.8236593100537102,159,136,18,14,0
285.5,64.52691125869751,False,0.8616566072556762,156,135,22,19,0
511.0,85.25483286380769,False,0.8834719177915995,154,133,29,25,0
701.5,101.49747371673584,False,0.8557109194060691,152,131,33,30,0
872.0,120.56854128837584,False,0.7538038231629255,149,132,37,32,0
940.5,120.46803545951843,False,0.8143760775187218,148,131,38,35,0
945.5,115.98275518417358,False,0.8832518478593255,146,133,38,34,0
953.0,123.88224959373474,False,0.7803413099299892,144,135,40,36,0
150.0,46.627416253089905,False,0.8669986507579478,154,119,16,14,0
1076.0,127.05382227897644,False,0.8376192807760822,141,136,42,37,0
1044.0,126.22539532184601,False,0.8234114155430969,140,137,39,36,0
943.0,117.25483345985413,False,0.861906286636789,141,140,36,33,0
722.5,102.66904664039612,False,0.8613281812881279,141,143,33,29,0
431.5,78.18376553058623,False,0.8870691940106649,143,148,25,23,0
101.5,39.213202953338616,False,0.8294902240327825,148,153,13,13,0
139.5,46.04162991046906,False,0.8269565519104302,151,136,17,13,0
268.5,62.52691113948822,False,0.8630186964183371,149,134,21,19,0
496.0,85.25483345985413,False,0.8575382878618094,147,132,28,26,0
640.0,96.91168761253357,False,0.856322834942785,144,132,33,28,0
253.0,60.28427040576935,False,0.8748273796730223,152,117,20,18,0
741.5,103.49747431278229,False,0.8698843469433475,142,133,35,29,0
775.5,107.15432798862456,False,0.8487352350629316,141,133,36,31,0
786.5,109.154327750206,False,0.829519638865615,140,134,36,32,0
865.0,117.05382227897644,False,0.7933316339251626,137,136,38,33,0
886.5,117.1543276309967,False,0.811655866861117,136,137,36,33,0
0.0,2.8284270763397217,False,0.0,88,145,2,2,0
679.5,99.0121923685074,False,0.8710076536081909,135,141,31,29,0
423.0,77.59797906875609,False,0.8827737483652951,136,145,26,23,0
73.0,35.798989534378045,False,0.7157991649086031,142,153,14,10,0
344.0,73.2548336982727,False,0.8055559931837999,151,116,26,21,0
402.0,79.59797906875609,False,0.7973184873472453,150,117,28,21,0
483.0,87.74011421203613,False,0.7884253943243487,149,116,30,25,0
411.5,75.35533809661865,False,0.9106503484742056,157,145,25,22,0
552.5,91.49747371673584,False,0.8293234391620979,149,117,32,26,0
559.0,92.91168773174286,False,0.8137312108453513,150,118,31,27,0
579.0,93.25483298301695,False,0.8366536894253468,150,120,31,26,0
541.0,89.25483250617981,False,0.8533823383880286,149,123,31,24,0
551.5,89.49747431278229,False,0.8652344881984548,149,121,30,27,0
522.0,87.25483334064484,False,0.8615914495125719,149,123,28,26,0
580.5,94.66904604434968,False,0.8139469242009114,146,122,30,28,0
563.5,92.18376517295836,False,0.8332875617340145,146,123,28,28,0
518.5,88.66904664039612,False,0.8287328359334029,145,123,28,28,0
413.5,80.18376600742342,False,0.808188149227952,146,125,23,27,0
469.5,81.35533833503723,False,0.8914014774287259,156,145,27,23,0
322.5,71.35533809661865,False,0.7959515750574809,146,126,19,26,0
214.0,59.112698197364814,False,0.7695947051122787,146,129,15,23,0
16.0,15.313708305358887,True,0.8573716241035623,161,126,7,5,0
185.5,52.870056748390205,False,0.8339388854119296,155,122,18,16,0
302.5,67.35533833503722,False,0.8378980872477658,153,121,22,21,0
424.0,80.08326053619385,False,0.8307918489385357,151,121,29,23,0
502.5,87.49747467041016,False,0.8248118517245496,151,121,29,26,0
569.5,90.66904640197754,False,0.8705335156806171,151,122,31,26,0
526.5,90.3259015083313,False,0.8109304905524051,149,126,32,24,0
515.5,88.32590055465698,False,0.8303522855653501,148,126,31,26,0
587.5,90.18376529216766,False,0.9077390265359252,154,143,29,26,0
565.5,95.84061956405641,False,0.7736477167659983,145,126,30,27,0
551.0,90.42640542984007,False,0.8467806554347259,145,125,27,29,0
408.0,80.42640590667725,False,0.7926340125614024,145,127,24,27,0
210.0,60.28427052497864,False,0.7261413004140878,145,128,13,25,0
34.5,22.72792184352875,False,0.8392850835536187,145,137,7,9,0
0.0,8.485280990600586,False,0.0,100,147,4,4,0
64.0,30.14213526248932,False,0.8852008233619355,159,145,11,9,0
313.5,68.18376553058624,False,0.8473941181773252,154,141,24,19,0
528.0,86.42640602588655,False,0.8882820361356766,152,139,30,24,0
692.0,98.911687374115,False,0.8888341595936288,151,137,33,29,0
642.0,95.254833817482,False,0.8891414255531135,150,144,33,26,0
772.5,105.15432751178741,False,0.8779181981592561,152,136,34,32,0
746.5,112.81118202209473,False,0.7371152165773249,153,136,33,33,0
808.5,111.49747359752656,False,0.8172592306568385,150,136,35,33,0
862.0,112.91168773174286,False,0.8496485719986772,147,137,36,32,0
851.0,111.25483298301695,False,0.8639759469440036,146,137,35,32,0
732.5,103.01219248771669,False,0.8674415717128087,146,139,33,29,0
504.0,85.94112467765808,False,0.8575083048464863,147,143,28,24,0
52.5,29.21320283412933,False,0.7730557577938054,153,152,11,10,0
114.0,41.45584309101105,False,0.8335721795865368,154,145,16,12,0
332.5,70.5269113779068,False,0.8400241729463487,150,142,25,19,0
638.0,96.08326041698456,False,0.8684305231496025,149,144,34,26,0
548.5,89.35533797740936,False,0.8632677012001914,147,139,30,24,0
841.5,112.66904664039612,False,0.8330186895454985,147,139,33,34,0
927.0,119.74011504650116,False,0.8124754667011213,147,140,35,34,0
936.0,120.56854152679443,False,0.8091288712042132,147,140,36,35,0
1009.5,129.63960969448092,False,0.7548154094348928,140,141,43,35,0
1044.0,129.39696860313416,False,0.7835417790052068,138,144,44,33,0
880.0,116.0832599401474,False,0.8206412525362947,139,148,40,29,0
742.0,105.59797918796541,False,0.8361853507183047,138,151,36,26,0
648.5,97.84061956405641,False,0.8512976923488648,137,151,33,27,0
211.5,56.52691125869751,False,0.8317823965464259,138,155,17,19,0
578.5,92.18376553058624,False,0.8554691228444334,148,146,32,24,0
12.0,13.313708305358887,True,0.8507325208515041,164,155,6,5,0
246.0,59.112698435783386,False,0.8846742800488492,157,149,20,18,0
420.5,76.18376648426056,False,0.9104392741625504,156,148,26,22,0
587.0,90.4264065027237,False,0.9021056859260024,154,146,30,26,0
711.5,100.6690468788147,False,0.8822524130350543,153,145,33,29,0
771.0,106.08326029777528,False,0.8609353193703074,152,144,34,31,0
744.0,108.0832599401474,False,0.8003241633747145,151,145,35,31,0
891.0,115.74011492729187,False,0.8358334536996469,147,145,38,32,0
864.5,111.84061944484709,False,0.8685118213324313,146,146,36,31,0
0.0,2.8284270763397217,False,0.0,75,163,2,2,0
530.5,87.35533797740936,False,0.8736075035189446,148,146,30,23,0
587.0,93.94112467765808,False,0.8358656046133147,146,150,29,27,0
338.0,69.11269724369049,False,0.8892233934901468,149,155,22,21,0
46.0,26.14213538169861,False,0.8458348538463678,173,122,10,8,0
433.0,81.25483298301697,False,0.8241368937779087,164,115,30,22,0
747.0,105.74011421203613,False,0.8395584083221876,161,113,37,29,0
980.0,120.568541765213,False,0.8471648404317323,162,113,38,33,0
1128.0,129.0538231134415,False,0.8510933835432064,159,113,41,36,0
1148.0,129.05382251739502,False,0.866183699763149,156,116,44,36,0
1049.0,123.05382215976715,False,0.8705528398606379,157,120,42,35,0
1124.5,128.12489092350006,False,0.8608000953906056,154,120,43,38,0
59.0,30.62741613388061,True,0.7903894905815629,187,161,12,10,1
290.0,77.7401146888733,False,0.6030002718223257,180,135,27,25,1
310.0,76.42640578746796,False,0.6669368071573479,156,149,27,21,1
115.0,49.45584356784821,False,0.5908435193412351,188,131,11,21,1
402.5,94.66904675960541,False,0.5643645685450639,181,124,20,39,1
583.0,110.91168785095215,False,0.5955576258082621,178,123,24,44,1
835.5,135.63960933685306,False,0.5706676549142919,170,122,32,51,1
1361.5,185.58073377609253,False,0.4967772906431618,150,118,52,57,1
1957.0,209.48022925853732,False,0.5604212682721191,139,111,63,66,1
1984.5,212.4091600179672,False,0.5527318419290188,138,113,63,66,1
1710.0,214.30865585803986,False,0.4678714550522976,137,114,63,65,1
1479.0,198.5096664428711,False,0.4716444396532241,137,120,61,59,1
142.0,56.76955199241638,False,0.5536907580887699,179,138,23,15,1
1203.5,173.92387926578522,False,0.4999626157636136,138,130,58,46,1
975.5,152.95331728458402,False,0.5239855816033729,141,134,53,38,1
509.0,111.74011433124542,False,0.5122823859513026,146,140,42,25,1
24.0,23.79898953437805,False,0.5324809433593417,165,147,10,6,1
113.5,48.04162991046906,False,0.6179740789992886,182,128,11,20,1
329.5,84.18376588821411,False,0.5842632681834219,177,123,17,35,1
556.0,110.08326017856598,False,0.576556788107009,173,118,23,44,1
1053.5,137.78174436092377,False,0.6973664445864654,165,121,37,50,1
1618.0,191.48022925853732,False,0.5545497370750451,140,116,59,58,1
1779.0,203.8233743906021,False,0.5381183942502178,138,112,62,60,1
182.5,62.669047474861145,False,0.5839377407575964,172,156,24,19,1
1749.5,211.72286915779114,False,0.4904426941296239,137,112,64,61,1
1510.0,198.99494767189026,False,0.4791844441370509,137,117,62,55,1
1088.5,181.9238797426224,False,0.4132937890882161,136,123,59,45,1
675.5,139.29646384716034,False,0.437476807404358,140,132,53,31,1
386.0,98.08326137065887,False,0.5042052603947788,148,139,42,18,1
92.0,50.62741649150848,False,0.4510515290583017,158,142,23,9,1
576.0,113.74011409282684,False,0.5595063609552596,176,121,19,47,1
898.5,137.29646229743958,False,0.5989757659228516,172,115,25,55,1
1249.5,150.95331799983978,False,0.6890659623782956,166,112,32,59,1
1307.5,162.2670260667801,False,0.6240092220947483,162,111,37,62,1
525.0,101.74011468887328,False,0.6373598789874313,160,152,39,23,1
1277.5,172.26702642440796,False,0.5409616254355274,159,110,40,65,1
1314.0,180.65180122852325,False,0.505965187882385,148,112,48,64,1
1176.5,175.5807342529297,False,0.4795656562318462,145,116,52,58,1
787.5,149.78174436092374,False,0.4411056883413325,145,129,49,43,1
371.0,111.05382263660431,False,0.37802171601293294,149,140,42,28,1
142.0,59.4558436870575,False,0.5047881090988899,151,153,27,10,1
20.0,18.142135262489322,False,0.7635949692623432,164,152,8,6,1
313.0,75.11269783973694,False,0.6971520034117671,190,114,14,32,1
554.0,104.42640578746796,False,0.6384089514718972,186,110,18,45,1
757.5,122.66904640197754,False,0.6325902920720862,184,108,20,53,1
702.0,122.56854200363159,False,0.5872039063845369,152,148,46,27,1
1003.5,152.46803557872772,False,0.5424623876862864,178,106,26,65,1
1171.0,170.36753034591675,False,0.5069826571993946,172,106,31,70,1
1451.0,177.68123877048492,False,0.5775560395528568,169,106,34,73,1
1685.0,194.16652059555054,False,0.5616439340457074,156,107,46,73,1
1699.5,191.23758852481842,False,0.5839619035718475,151,109,49,70,1
1485.5,180.75230693817142,False,0.5713665642820638,149,113,49,63,1
1261.0,168.0243852138519,False,0.5612809734106019,149,118,46,56,1
916.5,137.29646325111392,False,0.6109752719443725,151,125,41,43,1
636.5,104.669046998024,False,0.7300821528397345,154,133,34,30,1
145.5,48.87005698680878,False,0.7655739835792783,162,139,19,13,1
756.0,143.53910398483274,False,0.4610958332839147,147,142,52,32,1
176.0,53.45584356784821,False,0.7739843103461956,185,112,13,20,1
418.5,88.18376505374908,False,0.676282347806991,182,107,18,36,1
610.0,107.25483322143556,False,0.6663554517675784,181,104,20,45,1
846.0,135.74011373519895,False,0.5769840523551831,181,100,20,59,1
1107.5,158.95331716537476,False,0.550825969875022,176,101,27,67,1
1375.0,169.1959586143494,False,0.6035768740526536,169,101,32,70,1
1486.0,174.36753058433533,False,0.6141825020741284,165,101,35,70,1
1633.5,186.75230717659,False,0.588568548764729,150,104,48,66,1
1449.5,177.09545350074768,False,0.5807821498213901,147,108,50,59,1
1156.5,162.2670254707336,False,0.5519439163703957,147,112,47,52,1
830.5,154.9533174037933,False,0.4346580665041546,145,136,52,37,1
983.0,142.0243854522705,False,0.6124033311745536,144,120,45,45,1
703.0,115.8822501897812,False,0.6578567719254734,147,126,41,33,1
271.0,69.2548336982727,False,0.7100337187990725,181,142,22,23,1
492.0,92.56854164600372,False,0.7215195835463818,175,140,30,30,1
631.0,105.0538238286972,False,0.7184813404746166,171,139,34,34,1
731.0,115.05382287502287,False,0.6939451327569287,169,138,36,37,1
843.0,126.2253954410553,False,0.6648810555476291,165,138,39,39,1
961.0,127.39696848392487,False,0.7440721751446959,162,140,40,38,1
1003.5,131.63961005210876,False,0.7277028345078304,159,142,42,37,1
979.5,129.63960886001587,False,0.732384054541333,157,145,43,34,1
761.0,142.0243852138519,False,0.4740986130096938,146,134,49,37,1
885.5,123.98275482654572,False,0.7238954814067411,156,146,43,33,1
772.5,114.32590079307556,False,0.7427096867725346,156,149,41,29,1
578.0,100.4264063835144,False,0.7201813286831499,157,152,37,23,1
405.0,84.76955199241637,False,0.7082475998089913,157,154,34,18,1
187.0,58.62741661071777,False,0.6836754029969532,160,157,25,11,1
147.5,48.5269113779068,False,0.7871120906765612,182,148,17,16,1
426.5,87.1543276309967,False,0.7055876748182343,176,142,29,28,1
642.0,106.22539567947388,False,0.7149705891674176,171,140,34,33,1
759.0,119.53910410404205,False,0.6674698399568566,168,139,38,38,1
822.0,125.05382251739502,False,0.6605226869188886,165,139,39,39,1
542.5,113.63960933685304,False,0.5278981528957479,148,138,43,28,1
930.5,128.46803617477414,False,0.7084938272633974,162,140,41,39,1
1030.5,136.9533177614212,False,0.6904190163114581,157,142,45,38,1
885.5,124.46803641319276,False,0.71826177271954,156,145,43,33,1
701.5,111.84061944484709,False,0.704755399265125,157,147,39,26,1
477.0,92.91168713569641,False,0.6943645662850527,156,150,37,20,1
95.0,45.798989534378045,False,0.5691433644119208,163,154,21,8,1
35.0,25.798989415168762,False,0.6608037816520302,179,157,11,8,1
232.0,71.25483381748201,False,0.5742079298319579,168,151,28,19,1
375.5,93.98275530338287,False,0.534224079093755,160,148,36,25,1
525.0,106.2253954410553,False,0.584672213392294,155,147,41,27,1
340.0,77.94112479686737,False,0.7033240093044597,156,144,31,17,1
679.0,118.71067714691162,False,0.6054803784826457,150,145,46,29,1
840.0,134.3675308227539,False,0.5846560889732433,148,141,49,34,1
894.0,140.85281264781955,False,0.5662605877738142,145,141,51,35,1
855.5,147.9238809347153,False,0.4913073858725489,143,139,53,35,1
679.0,136.36753141880035,False,0.458836206718101,144,141,49,32,1
414.5,105.15432822704315,False,0.4710641918272924,145,149,42,21,1
224.0,82.42640697956084,False,0.4143097409154774,150,151,35,16,1
89.0,43.94112515449524,False,0.5792386386390626,176,135,15,16,1
169.5,61.84061908721924,False,0.5569701356642134,172,132,20,22,1
241.0,73.74011385440826,False,0.5569539635740565,169,130,24,26,1
336.5,83.15432798862456,False,0.6115404891171654,171,156,32,23,1
236.5,67.01219213008879,False,0.6618100518534593,168,133,23,21,1
372.0,91.396968126297,False,0.5596148433534146,164,128,29,30,1
406.5,96.81118202209473,False,0.5450286958445842,164,126,30,32,1
494.0,102.22539615631105,False,0.594044813416604,162,125,32,33,1
718.0,132.36753070354462,False,0.5149574834771248,147,124,48,35,1
809.5,132.1248916387558,False,0.5827166519530945,151,123,43,36,1
704.5,127.29646408557892,False,0.5463339393946917,150,122,43,33,1
643.5,125.29646384716034,False,0.5150872341210779,149,122,45,32,1
491.0,108.9116872549057,False,0.5201665056121628,150,125,41,26,1
350.0,96.08326089382172,False,0.4764117242719414,151,127,38,22,1
151.0,79.59797894954681,False,0.2994902784827153,153,129,34,13,1
206.5,71.6984840631485,False,0.5047891054775978,182,113,13,31,1
71.5,48.87005698680878,False,0.3762098957107794,162,132,21,8,1
110.0,45.112698197364814,False,0.6792113631269712,189,147,13,16,1
376.5,79.01219213008879,False,0.7578558761445952,182,139,21,29,1
718.0,109.39696884155272,False,0.7539173374907507,178,136,30,39,1
829.5,116.46803677082062,False,0.7684449211540602,175,135,34,40,1
1009.0,140.02438509464264,False,0.6466863317996971,165,136,43,45,1
1231.0,148.02438497543338,False,0.7059946115202838,161,138,45,46,1
1678.5,185.58073353767395,False,0.6124426621278328,143,138,62,48,1
1424.0,186.6518021821976,False,0.5136360272735442,142,141,62,44,1
2000.0,194.30865609645844,False,0.6656647559663429,139,132,63,54,1
420.0,95.59797883033752,False,0.5775129586963734,180,107,17,41,1
1337.0,164.02438473701474,False,0.6244884875132244,144,147,54,36,1
871.5,134.8111823797226,False,0.602594855903989,148,148,44,30,1
334.0,73.11269795894624,False,0.7851826785278403,155,147,26,19,1
203.5,56.52691113948822,False,0.8003201816129232,176,145,17,20,1
433.0,83.59797906875609,False,0.7785853054791981,171,141,24,28,1
665.0,103.39696907997131,False,0.7816564083370182,167,137,30,36,1
808.5,128.46803641319278,False,0.615601566057303,160,137,39,40,1
1066.0,160.85281252861026,False,0.517737653110346,144,137,53,42,1
1281.5,181.23758804798126,False,0.4902661703637046,137,139,59,43,1
1360.0,174.16652059555054,False,0.5634033445043956,136,139,58,42,1
567.0,112.91168761253357,False,0.5588755700005686,178,103,21,48,1
1211.0,168.16652119159696,False,0.5381147876692662,136,140,56,40,1
1122.5,160.75230646133426,False,0.5458606499425097,136,143,54,38,1
779.0,129.53910398483276,False,0.5833719512258067,141,146,45,30,1
385.5,89.84061944484709,False,0.6001900218654895,148,148,33,19,1
675.0,122.568540930748,False,0.5646191506389644,177,102,23,52,1
799.5,134.81118214130402,False,0.5528107733784413,175,101,25,55,1
904.0,143.88224971294403,False,0.5487365077591608,173,99,27,59,1
1105.0,157.1959580183029,False,0.5619392822060044,168,102,33,61,1
1240.0,158.85281229019162,False,0.6175067843908858,161,104,41,58,1
1328.0,172.50966608524325,False,0.5607652202125599,158,106,45,53,1
848.0,127.39696860313416,False,0.6565798161725909,156,152,49,27,1
1142.0,162.36753118038175,False,0.544349205616147,156,109,46,48,1
857.0,139.88224983215332,False,0.5503835794828209,156,118,46,36,1
691.0,130.71067678928378,False,0.508236421803415,156,122,46,31,1
334.5,100.32590079307556,False,0.41761861669985934,161,130,40,22,1
211.0,83.25483274459839,False,0.3825369703493086,165,133,34,18,1
151.5,65.84061932563782,False,0.4391720392244501,179,130,19,25,1
431.5,104.81118178367615,False,0.4936003152500391,174,121,28,39,1
679.0,123.53910291194916,False,0.5590758742555918,170,117,32,47,1
866.0,137.19595718383792,False,0.5781561211399251,166,116,38,49,1
1038.0,149.19595885276794,False,0.5859939033867404,164,115,40,51,1
1059.0,150.71067643165588,False,0.5858922940358217,149,145,56,34,1
1332.0,170.50966691970825,False,0.5757263101975454,153,116,51,51,1
1303.5,165.92388105392456,False,0.5949810097669316,152,121,52,46,1
1098.5,164.75230693817142,False,0.5085655246492851,150,125,52,43,1
676.0,136.36753022670746,False,0.4568089560594404,150,136,49,31,1
367.5,110.46803724765778,False,0.3784372971503217,150,146,45,21,1
174.5,83.84061992168427,False,0.3119581481587467,153,151,36,12,1
102.5,40.384775996208184,False,0.7897658903290073,194,117,9,17,1
306.0,81.45584380626678,False,0.5795445107012609,192,109,12,36,1
629.5,128.6690467596054,False,0.4778124167640597,188,99,16,56,1
963.0,161.1959582567215,False,0.4657231803021698,180,95,26,65,1
1092.5,173.4385986328125,False,0.4563938651913666,147,136,58,42,1
1353.5,186.409161567688,False,0.489478497160915,169,94,38,70,1
1616.0,203.1370837688446,False,0.4921220150210842,154,95,51,70,1
1291.0,182.16652131080627,False,0.488876291453897,155,97,47,63,1
881.5,140.75230765342712,False,0.5591407348113547,157,108,42,47,1
568.5,105.98275458812714,False,0.6360187617546857,161,118,36,30,1
148.5,55.3553386926651,False,0.6090000004792488,182,152,16,21,1
510.5,99.63960909843443,False,0.6461622473015093,168,151,31,34,1
1262.0,155.1959582567215,False,0.6584281730056357,155,141,48,45,1
1632.5,182.26702523231504,False,0.6175140493490172,144,135,58,51,1
1813.5,195.9238805770874,False,0.5936803515908612,142,129,59,57,1
1197.5,166.61017155647278,False,0.5421036893887311,147,134,57,43,1
1729.0,195.68123865127563,False,0.5674224044890613,142,129,58,57,1
1388.0,175.33809340000153,False,0.5673443974694442,144,130,54,54,1
1185.5,159.78174448013306,False,0.5835218266432056,148,132,48,48,1
1023.5,149.29646289348602,False,0.5770303732452654,154,124,41,50,1
649.5,109.49747347831726,False,0.6807392980421266,166,127,26,41,1
235.5,72.52691113948822,False,0.5626034775064316,194,135,13,31,1
667.5,122.32590055465698,False,0.5605628218100659,186,122,22,52,1
924.5,152.46803617477414,False,0.4997573228648455,180,116,28,64,1
1129.5,167.92387950420382,False,0.5033512843575851,173,116,34,66,1
1575.0,207.33809268474582,False,0.4603967231634541,153,114,52,70,1
1060.0,156.0243852138519,False,0.5471806982627786,148,132,53,42,1
1564.0,205.338093996048,False,0.4661305419203408,151,111,54,70,1
1288.0,188.8528115749359,False,0.4538149694876617,151,116,52,61,1
906.5,153.43859815597534,False,0.4838474185914389,153,126,48,47,1
584.0,114.22539532184601,False,0.5624674198213033,156,139,42,30,1
199.0,69.59797883033752,False,0.5162614361747544,164,143,27,17,1
1404.0,180.8528121709824,False,0.5394192481805927,147,115,54,54,1
972.0,156.36753141880038,False,0.499554607551768,151,116,47,49,1
749.5,126.8111822605133,False,0.5856880974201171,156,123,41,37,1
244.5,65.35533845424652,False,0.7193273800536937,168,135,24,18,1
154.0,53.79898941516876,False,0.668624597314264,201,106,10,23,1
764.0,123.88224935531616,False,0.6255831721734321,150,136,46,32,1
534.5,111.84061944484709,False,0.5369804146930995,196,103,18,47,1
1009.0,141.39696824550632,False,0.6341921104073011,187,102,28,57,1
1353.5,162.46803617477414,False,0.6443654738346687,181,102,35,61,1
1811.5,189.58073318004608,False,0.6333733783549721,168,100,48,66,1
2085.5,212.06601452827454,False,0.5827441321467571,159,97,56,72,1
1949.5,222.0660160779953,False,0.4967854881772558,157,95,58,74,1
1737.5,215.237588763237,False,0.4713010865564584,157,95,56,74,1
907.0,164.16652119159696,False,0.42291000592642863,156,109,47,54,1
390.0,91.74011397361755,False,0.5823122419300026,159,129,33,24,1
79.5,35.55634880065918,False,0.7902102830817189,203,127,8,15,1
371.0,75.94112479686737,False,0.8084063624055372,158,142,29,18,1
428.0,105.25483334064484,False,0.4854779810511545,194,122,19,44,1
619.5,123.98275566101074,False,0.5064407054713196,190,121,24,51,1
1152.0,157.1959580183029,False,0.585840772037391,178,122,37,56,1
1643.5,184.89444172382355,False,0.6041320290222876,161,121,54,60,1
1830.5,202.0660160779953,False,0.5633691211826233,156,118,58,64,1
1915.5,213.37972474098208,False,0.5286712814336851,152,115,61,68,1
1759.5,217.379723072052,False,0.4679086489503701,151,114,60,69,1
1524.0,209.4802281856537,False,0.4364241295837104,150,115,59,67,1
936.5,139.7817449569702,False,0.6023053632963173,150,143,49,36,1
645.0,124.7106763124466,False,0.5211494812286436,152,143,41,33,1
